{
  "urls": [
    "standard.ogg",
    "standard.m4a",
    "standard.mp3",
    "standard.ac3"
  ],
  "sprite": {
    "a": [
      0,
      2260.090702947846
    ],
    "c": [
      4000,
      3820.4308390022675
    ],
    "e": [
      9000,
      1230.7029478458044
    ],
    "g": [
      12000,
      2260
    ]
  }
}